customer_id,product_id,product_qty
1,516,36
1,502,46
2,528,18
2,487,39
3,518,35
3,210,47
4,512,27
4,524,10
5,522,12
5,518,32
6,186,47
6,504,10
7,518,46
7,184,25
8,179,8
8,528,19
9,530,28
9,522,34
10,530,21
10,23,2
11,528,34
11,512,49
12,530,18
12,180,32
13,514,32
13,181,20
14,524,32
14,522,46
15,528,14
15,510,37
16,528,20
16,526,17
17,510,31
17,210,18
18,518,35
18,179,44
19,520,8
19,516,47
20,514,49
20,524,48
21,514,47
21,506,22
22,514,28
22,528,27
23,522,42
23,518,33
24,530,2
24,518,13
25,506,2
25,512,23
26,24,44
26,514,25
27,210,33
27,530,1
28,524,12
28,522,10
29,510,6
29,530,1
30,181,44
30,186,2
31,520,1
31,20,19
32,180,30
32,514,28
33,210,32
33,530,27
34,506,35
34,528,41
35,514,35
35,22,22
36,210,10
36,512,34
37,510,36
37,516,9
38,530,3
38,499,29
39,514,21
39,528,31
40,181,31
40,185,49
41,526,6
41,181,4
42,526,32
42,518,17
43,510,25
43,181,2
44,526,20
44,518,16
45,522,33
45,186,30
46,522,18
46,528,10
47,522,4
47,180,33
48,22,43
48,522,11
49,210,28
49,502,24
50,508,26
50,524,23
51,516,1
51,528,24
52,516,2
52,524,33
53,516,38
53,520,37
54,22,10
54,502,35
55,518,40
55,520,32
56,512,40
56,502,14
57,518,12
57,181,22
58,526,28
58,504,21
59,524,7
59,181,32
60,530,1
60,504,19
61,210,45
61,524,17
62,512,45
62,526,24
63,20,24
63,508,21
64,518,12
64,210,44
65,524,22
65,504,23
66,504,39
66,522,22
67,528,9
67,179,35
68,524,22
68,528,27
69,181,14
69,514,45
70,499,25
70,180,43
71,487,9
71,522,2
72,522,26
72,506,3
73,179,33
73,518,47
74,530,2
74,180,12
75,526,28
75,210,34
76,522,47
76,524,30
77,524,2
77,182,3
78,516,28
78,528,34
79,20,4
79,179,41
80,210,38
80,23,40
81,514,41
81,516,26
82,516,26
82,181,36
83,180,35
83,524,15
84,526,4
84,499,31
85,185,43
85,510,41
86,506,29
86,530,20
87,510,35
87,499,6
88,180,11
88,520,32
89,518,26
89,506,11
90,508,3
90,502,4
91,520,44
91,182,8
92,530,10
92,180,11
93,528,13
93,506,22
94,526,29
94,528,9
95,502,6
95,522,33
96,183,39
96,528,23
97,528,4
97,524,33
98,518,49
98,514,44
99,530,49
99,518,7
100,512,10
100,524,17
101,499,23
101,526,21
102,180,7
102,499,41
103,181,6
103,526,28
104,518,22
104,528,34
105,504,15
105,23,16
106,518,19
106,180,16
107,518,48
107,210,15
108,516,34
108,499,41
109,524,40
109,530,6
110,526,18
110,518,40
111,179,15
111,526,48
112,185,19
112,516,42
113,506,45
113,528,34
114,530,24
114,179,28
115,181,7
115,526,48
116,524,33
116,179,1
117,518,47
117,502,27
118,522,30
118,524,27
119,508,23
119,502,10
120,516,9
120,512,20
121,514,29
121,504,32
122,522,14
122,22,5
123,524,2
123,516,14
124,506,23
124,181,46
125,530,46
125,504,46
126,179,33
126,514,22
127,518,7
127,506,38
128,514,42
128,502,16
129,512,1
129,516,10
130,23,32
130,526,45
131,524,1
131,514,11
132,520,13
132,181,22
133,530,23
133,508,23
134,530,24
134,179,3
135,210,45
135,182,21
136,530,29
136,514,49
137,516,19
137,210,38
138,504,32
138,508,20
139,508,2
139,518,49
140,530,45
140,510,46
141,518,4
141,528,15
142,522,2
142,502,28
143,210,27
143,524,31
144,24,22
144,504,6
145,502,33
145,526,5
146,24,22
146,179,29
147,524,7
147,530,12
148,528,13
148,514,22
149,520,18
149,210,25
150,520,16
150,508,18
151,514,29
151,518,24
152,522,20
152,506,24
153,502,3
153,183,38
154,502,47
154,508,36
155,510,36
155,179,17
156,524,45
156,518,9
157,524,1
157,510,19
158,516,4
158,522,42
159,510,48
159,518,35
160,524,17
160,518,25
161,504,27
161,526,41
162,504,8
162,524,35
163,506,29
163,181,28
164,516,22
164,520,43
165,522,4
165,506,20
166,530,42
166,516,4
167,518,42
167,508,47
168,524,16
168,506,16
169,512,13
169,522,14
170,520,6
170,182,10
171,181,25
171,526,31
172,530,42
172,210,9
173,526,23
173,530,37
174,516,22
174,526,6
175,522,26
175,526,21
176,528,17
176,24,26
177,182,44
177,518,47
178,516,47
178,180,40
179,528,21
179,520,28
180,504,35
180,516,46
181,181,13
181,487,41
182,502,6
182,522,37
183,499,18
183,528,36
184,181,43
184,506,14
185,530,36
185,504,29
186,179,36
186,508,4
187,504,40
187,518,12
188,24,47
188,526,32
189,530,45
189,23,44
190,524,47
190,518,26
191,518,30
191,522,19
192,516,43
192,184,12
193,502,20
193,514,12
194,522,49
194,514,1
195,526,29
195,502,27
196,526,26
196,528,14
197,514,1
197,522,1
198,526,29
198,20,43
199,186,49
199,520,31
200,184,43
200,210,36
201,524,48
201,499,33
202,502,16
202,516,20
203,516,44
203,522,8
204,185,44
204,499,31
205,518,39
205,185,49
206,512,20
206,524,11
207,528,24
207,522,33
208,522,9
208,23,16
209,528,14
209,524,40
210,184,8
210,518,29
211,508,13
211,504,43
212,23,21
212,508,42
213,530,5
213,522,29
214,180,44
214,524,37
215,530,24
215,522,1
216,516,29
216,520,8
217,522,42
217,518,4
218,528,38
218,184,45
219,510,28
219,182,14
220,179,46
220,506,31
221,180,41
221,504,19
222,504,26
222,514,19
223,522,40
223,526,26
224,520,17
224,487,48
225,183,27
225,512,27
226,516,20
226,499,22
227,504,5
227,514,7
228,530,40
228,184,9
229,506,12
229,185,21
230,508,38
230,520,42
231,180,1
231,502,38
232,522,10
232,502,31
233,181,49
233,524,31
234,516,25
234,182,13
235,179,28
235,524,22
236,518,20
236,528,14
237,504,41
237,530,42
238,522,4
238,186,1
239,510,37
239,502,46
240,506,8
240,516,38
241,181,7
241,510,34
242,502,16
242,514,38
243,524,11
243,184,4
244,185,12
244,210,45
245,508,30
245,185,18
246,522,44
246,210,20
247,524,46
247,528,48
248,508,47
248,516,41
249,24,30
249,516,9
250,520,39
250,184,28
251,508,12
251,522,10
252,522,37
252,179,44
253,526,23
253,210,10
254,530,39
254,506,4
255,24,38
255,526,3
256,516,23
256,526,7
257,528,12
257,508,35
258,518,16
258,526,11
259,179,41
259,499,9
260,502,8
260,518,35
261,526,7
261,179,28
262,528,21
262,512,49
263,530,47
263,184,6
264,179,14
264,520,47
265,524,41
265,512,10
266,516,38
266,499,49
267,23,39
267,526,36
268,524,33
268,516,37
269,516,14
269,510,10
270,181,16
270,512,20
271,524,23
271,518,37
272,524,3
272,506,2
273,520,19
273,20,18
274,179,40
274,524,3
275,522,3
275,516,22
276,210,22
276,526,30
277,185,29
277,518,4
278,210,29
278,524,5
279,502,22
279,514,28
280,184,28
280,530,24
281,518,18
281,210,15
282,518,27
282,522,19
283,184,22
283,520,11
284,181,41
284,524,20
285,210,31
285,530,8
286,524,37
286,504,17
287,528,30
287,512,32
288,518,16
288,526,32
289,502,4
289,530,6
290,518,5
290,504,9
291,183,29
291,518,30
292,22,45
292,530,40
293,524,43
293,528,4
294,530,31
294,520,46
295,180,46
295,528,23
296,520,3
296,508,37
297,512,36
297,502,43
298,530,39
298,182,22
299,522,1
299,516,21
300,20,11
300,514,34
301,508,5
301,526,32
302,512,8
302,180,3
303,518,34
303,502,48
304,182,22
304,524,40
305,522,11
305,524,1
306,499,27
306,516,9
307,520,34
307,528,33
308,512,24
308,502,3
309,499,2
309,516,45
310,506,26
310,516,35
311,518,3
311,180,36
312,526,4
312,180,22
313,520,22
313,210,37
314,512,2
314,530,6
315,180,37
315,524,42
316,524,10
316,512,47
317,499,17
317,181,27
318,504,32
318,184,7
319,182,8
319,520,12
320,522,1
320,181,36
321,504,44
321,510,31
322,524,20
322,522,28
323,180,8
323,185,8
324,506,20
324,508,9
325,520,48
325,210,34
326,518,33
326,183,24
327,518,6
327,499,47
328,524,23
328,530,18
329,502,34
329,522,29
330,180,36
330,524,34
331,23,47
331,506,15
332,186,21
332,520,6
333,502,47
333,520,40
334,528,4
334,179,14
335,524,12
335,210,27
336,502,2
336,528,9
337,210,24
337,182,3
338,526,24
338,528,35
339,522,11
339,518,45
340,530,19
340,518,36
341,516,31
341,514,37
342,512,25
342,516,42
343,510,41
343,504,16
344,528,21
344,185,43
345,499,4
345,181,46
346,186,7
346,524,43
347,510,4
347,522,14
348,522,31
348,183,10
349,528,38
349,516,10
350,502,9
350,518,21
351,524,18
351,23,44
352,506,22
352,180,31
353,530,36
353,524,45
354,520,13
354,210,47
355,518,22
355,180,38
356,504,38
356,180,18
357,508,23
357,499,7
358,506,3
358,487,29
359,522,49
359,518,13
360,516,3
360,520,27
361,518,25
361,20,45
362,530,18
362,514,28
363,185,33
363,516,49
364,528,15
364,506,19
365,518,12
365,530,42
366,181,12
366,522,2
367,518,46
367,508,13
368,499,49
368,530,20
369,530,14
369,508,27
370,516,30
370,180,29
371,518,14
371,526,31
372,528,21
372,504,15
373,520,18
373,516,14
374,499,46
374,514,4
375,522,32
375,185,48
376,524,43
376,520,25
377,512,31
377,20,46
378,516,1
378,23,6
379,184,10
379,516,33
380,524,35
380,528,42
381,520,10
381,516,33
382,20,41
382,516,23
383,181,1
383,506,40
384,530,8
384,181,29
385,512,22
385,522,6
386,530,48
386,522,18
387,528,38
387,522,46
388,508,3
388,528,4
389,512,32
389,524,26
390,487,23
390,510,41
391,499,20
391,528,5
392,506,45
392,518,23
393,499,9
393,180,38
394,183,41
394,522,32
395,22,22
395,526,21
396,508,18
396,181,15
397,516,16
397,520,35
398,528,7
398,526,16
399,528,47
399,182,39
400,522,13
400,502,6
401,512,30
401,210,15
402,518,35
402,504,39
403,506,43
403,522,43
404,526,10
404,530,15
405,181,8
405,528,15
406,518,6
406,487,18
407,506,24
407,180,36
408,184,9
408,512,34
409,182,15
409,506,4
410,184,5
410,514,17
411,183,46
411,516,28
412,522,43
412,510,21
413,530,1
413,520,15
414,530,9
414,180,5
415,504,2
415,210,15
416,528,39
416,184,36
417,524,40
417,210,14
418,210,24
418,522,26
419,514,45
419,183,33
420,520,46
420,502,38
421,524,43
421,179,39
422,524,5
422,520,18
423,181,29
423,186,45
424,24,34
424,210,31
425,182,41
425,528,12
426,530,21
426,526,6
427,181,19
427,502,5
428,526,1
428,516,19
429,510,42
429,504,33
430,186,13
430,528,18
431,524,29
431,530,19
432,510,13
432,520,32
433,514,18
433,524,34
434,524,36
434,508,37
435,508,48
435,530,37
436,520,38
436,524,26
437,512,37
437,210,15
438,181,11
438,20,31
439,23,22
439,526,3
440,530,20
440,524,6
441,20,5
441,524,48
442,510,4
442,518,42
443,528,17
443,516,4
444,528,13
444,516,34
445,508,39
445,183,24
446,506,27
446,210,48
447,526,7
447,520,44
448,499,11
448,210,8
449,514,47
449,528,17
450,530,29
450,522,39
451,522,49
451,179,3
452,516,13
452,530,27
453,502,23
453,516,40
454,516,39
454,210,24
455,516,1
455,504,30
456,183,2
456,499,41
457,180,12
457,522,27
458,210,3
458,186,20
459,508,19
459,526,32
460,516,16
460,528,23
461,24,11
461,512,12
462,522,8
462,530,31
463,524,32
463,530,21
464,528,33
464,508,47
465,22,30
465,530,5
466,186,11
466,506,42
467,518,45
467,504,23
468,508,8
468,524,47
469,502,5
469,522,8
470,510,37
470,180,12
471,528,20
471,182,2
472,506,9
472,24,42
473,179,41
473,487,44
474,518,8
474,506,12
475,528,31
475,526,10
476,528,3
476,504,30
477,526,37
477,502,24
478,524,48
478,499,24
479,516,42
479,520,32
480,526,5
480,522,29
481,210,13
481,528,20
482,526,47
482,210,33
483,512,29
483,210,16
484,530,20
484,508,33
485,510,4
485,530,8
486,520,19
486,185,22
487,530,14
487,184,1
488,186,15
488,179,37
489,504,22
489,530,8
490,524,32
490,518,35
491,524,31
491,520,33
492,518,7
492,210,18
493,184,42
493,522,15
494,180,32
494,520,1
495,506,24
495,508,37
496,182,21
496,526,47
497,506,27
497,512,18
498,518,9
498,514,27
499,526,10
499,522,43
500,516,26
500,520,43
501,530,1
501,504,43
502,512,30
502,22,30
503,182,27
503,516,37
504,526,10
504,210,35
505,514,38
505,528,28
506,526,44
506,180,22
507,499,33
507,516,46
508,520,30
508,528,35
509,22,49
509,524,11
510,504,39
510,20,25
511,530,16
511,179,48
512,186,7
512,512,17
513,520,48
513,504,12
514,186,23
514,181,36
515,23,1
515,180,22
516,528,15
516,516,31
517,179,4
517,526,21
518,528,40
518,518,26
519,526,1
519,530,27
520,183,33
520,504,14
521,522,32
521,524,6
522,526,42
522,514,48
523,526,26
523,510,14
524,502,45
524,186,23
525,510,22
525,522,20
526,179,16
526,528,21
527,179,28
527,506,16
528,520,17
528,508,16
529,180,20
529,518,22
530,186,1
530,524,4
531,524,42
531,518,30
532,185,39
532,516,8
533,522,42
533,526,5
534,522,21
534,526,32
535,23,19
535,520,13
536,528,34
536,520,4
537,512,13
537,180,21
538,528,47
538,516,10
539,526,28
539,518,32
540,506,6
540,514,14
541,516,6
541,502,29
542,516,7
542,526,41
543,512,27
543,524,27
544,487,12
544,520,39
545,210,30
545,524,49
546,508,29
546,528,28
547,516,5
547,524,17
548,179,24
548,530,21
549,502,18
549,526,5
550,516,46
550,181,29
551,487,34
551,530,28
552,506,8
552,23,35
553,210,31
553,524,38
554,180,35
554,514,49
555,520,19
555,518,46
556,526,39
556,520,16
557,499,28
557,530,15
558,522,3
558,530,3
559,506,43
559,528,27
560,20,47
560,518,48
561,516,9
561,522,43
562,185,22
562,528,31
563,181,21
563,524,10
564,499,40
564,516,41
565,524,47
565,518,40
566,518,37
566,186,11
567,180,49
567,520,33
568,514,25
568,526,33
569,22,47
569,180,43
570,487,17
570,518,6
571,522,44
571,528,40
572,526,8
572,182,36
573,499,37
573,514,9
574,516,31
574,524,42
575,185,37
575,524,39
576,506,6
576,210,42
577,512,7
577,180,29
578,520,28
578,512,46
579,179,36
579,526,44
580,518,45
580,184,48
581,179,19
581,182,17
582,23,13
582,522,26
583,516,29
583,24,34
584,516,10
584,180,12
585,528,23
585,516,49
586,522,30
586,516,35
587,520,7
587,179,15
588,530,17
588,524,23
589,524,41
589,512,26
590,530,48
590,499,22
591,22,41
591,514,39
592,508,39
592,522,10
593,530,36
593,510,10
594,514,28
594,181,46
595,518,12
595,520,19
596,499,1
596,526,28
597,528,4
597,526,42
598,499,34
598,526,8
599,518,33
599,499,14
600,510,3
600,520,43
601,186,41
601,179,12
602,518,27
602,526,15
603,524,18
603,510,7
604,179,17
604,530,19
605,522,2
605,180,22
606,520,19
606,180,8
607,516,3
607,524,38
608,524,9
608,24,19
609,181,36
609,502,9
610,520,23
610,514,37
611,506,42
611,520,33
612,510,6
612,516,6
613,499,30
613,528,28
614,520,35
614,179,18
615,520,46
615,179,45
616,514,47
616,528,23
617,524,22
617,182,43
618,516,16
618,522,42
619,502,16
619,186,36
620,528,42
620,520,21
621,502,30
621,524,48
622,526,45
622,516,42
623,526,27
623,183,21
624,516,4
624,528,31
625,518,4
625,506,37
626,502,38
626,520,5
627,526,18
627,520,31
628,510,17
628,528,14
629,502,26
629,530,24
630,526,43
630,210,22
631,179,24
631,518,33
632,526,5
632,516,21
633,520,23
633,181,45
634,520,6
634,20,45
635,530,46
635,510,49
636,182,3
636,524,41
637,528,39
637,526,28
638,510,44
638,502,47
639,499,24
639,182,49
640,508,38
640,518,7
641,23,49
641,520,40
642,506,16
642,183,41
643,506,32
643,516,10
644,528,5
644,502,24
645,520,29
645,530,9
646,180,40
646,520,13
647,186,36
647,526,16
648,210,3
648,20,14
649,210,23
649,516,6
650,524,9
650,520,3
651,499,38
651,520,11
652,526,13
652,510,16
653,180,5
653,516,17
654,530,20
654,520,28
655,181,39
655,508,40
656,181,6
656,516,1
657,522,1
657,502,32
658,528,23
658,504,4
659,181,24
659,524,15
660,520,16
660,530,39
661,518,42
661,520,10
662,508,40
662,520,33
663,181,45
663,487,20
664,512,22
664,516,25
665,520,7
665,181,30
666,528,1
666,502,49
667,526,42
667,516,45
668,179,14
668,526,2
669,186,24
669,516,5
670,179,23
670,512,41
671,516,9
671,510,18
672,520,22
672,20,35
673,181,23
673,516,41
674,528,44
674,504,46
675,528,18
675,22,7
676,518,34
676,520,31
677,530,34
677,504,6
678,184,43
678,524,19
679,528,14
679,520,48
680,520,39
680,518,7
681,528,32
681,512,45
682,530,48
682,179,18
683,518,7
683,182,14
684,510,43
684,516,12
685,522,47
685,20,42
686,520,35
686,179,28
687,24,10
687,516,27
688,520,17
688,180,3
689,518,17
689,487,32
690,530,33
690,179,43
691,210,7
691,524,8
692,528,23
692,522,3
693,179,42
693,508,7
694,499,19
694,514,10
695,522,1
695,514,19
696,522,26
696,526,37
697,512,10
697,184,33
698,186,37
698,516,49
699,181,42
699,524,24
700,506,23
700,181,38
701,520,49
701,528,16
702,518,35
702,506,47
703,524,33
703,528,22
704,183,25
704,499,15
705,24,47
705,516,35
706,506,43
706,516,35
707,182,7
707,524,49
708,180,21
708,530,2
709,530,22
709,510,42
710,516,40
710,528,22
711,502,25
711,526,20
712,516,48
712,512,14
713,518,21
713,210,46
714,506,27
714,524,49
715,530,44
715,181,47
716,522,14
716,512,43
717,522,45
717,180,34
718,210,46
718,528,43
719,504,16
719,530,40
720,510,9
720,504,19
721,518,45
721,186,25
722,180,13
722,530,17
723,24,49
723,524,17
724,522,30
724,518,33
725,526,30
725,522,15
726,185,31
726,512,44
727,526,42
727,502,6
728,530,35
728,526,9
729,522,30
729,510,1
730,181,48
730,520,13
731,528,48
731,518,6
732,522,31
732,506,9
733,499,44
733,528,13
734,180,38
734,520,45
735,504,17
735,528,10
736,518,9
736,210,29
737,502,11
737,180,26
738,520,12
738,487,35
739,522,26
739,514,18
740,516,11
740,183,27
741,518,2
741,179,37
742,522,20
742,516,30
743,520,1
743,181,14
744,524,31
744,518,34
745,180,38
745,520,42
746,180,45
746,514,21
747,516,4
747,522,36
748,184,5
748,181,7
749,182,26
749,522,21
750,508,4
750,185,44
751,508,44
751,526,9
752,526,16
752,186,8
753,516,32
753,520,49
754,514,32
754,181,30
755,522,8
755,504,29
756,508,20
756,210,16
757,499,47
757,512,27
758,179,42
758,526,40
759,526,26
759,518,28
760,508,23
760,185,30
761,487,46
761,504,38
762,516,1
762,524,27
763,524,17
763,184,25
764,210,39
764,506,30
765,487,24
765,181,48
766,520,49
766,528,34
767,528,31
767,524,30
768,522,18
768,514,36
769,528,47
769,512,25
770,518,24
770,520,27
771,20,6
771,518,12
772,530,23
772,499,11
773,180,37
773,530,49
774,502,37
774,528,41
775,516,21
775,524,6
776,508,29
776,23,29
777,518,32
777,499,48
778,512,43
778,504,2
779,520,44
779,514,30
780,522,11
780,518,4
781,20,49
781,510,8
782,24,42
782,512,43
783,522,4
783,186,15
784,179,26
784,520,42
785,526,22
785,499,32
786,186,14
786,518,43
787,510,30
787,502,38
788,499,19
788,185,46
789,518,6
789,522,13
790,522,26
790,185,17
791,506,34
791,530,11
792,528,37
792,180,48
793,184,41
793,528,7
794,210,34
794,526,38
795,499,7
795,512,12
796,506,24
796,510,46
797,23,30
797,528,49
798,530,13
798,508,14
799,180,25
799,499,12
800,210,45
800,526,14
801,522,30
801,528,37
802,499,27
802,526,37
803,510,38
803,524,23
804,518,33
804,502,2
805,508,41
805,516,6
806,518,41
806,528,13
807,499,13
807,512,36
808,183,27
808,522,12
809,508,37
809,504,18
810,179,30
810,508,3
811,526,33
811,514,7
812,23,8
812,522,23
813,522,37
813,516,45
814,510,19
814,522,27
815,522,33
815,179,38
816,516,39
816,502,41
817,530,21
817,524,47
818,502,16
818,510,16
819,506,15
819,179,13
820,499,13
820,487,40
821,185,35
821,180,15
822,181,18
822,524,11
823,504,32
823,522,20
824,528,5
824,512,20
825,530,36
825,20,17
826,524,7
826,499,1
827,508,37
827,526,22
828,516,40
828,510,10
829,182,37
829,512,5
830,510,3
830,210,25
831,518,15
831,530,16
832,524,17
832,510,5
833,520,13
833,530,36
834,23,23
834,528,19
835,520,8
835,524,46
836,524,44
836,179,39
837,502,33
837,524,30
838,530,9
838,516,41
839,23,1
839,510,6
840,510,11
840,524,9
841,528,14
841,510,37
842,522,6
842,516,27
843,180,37
843,524,25
844,23,35
844,518,44
845,210,27
845,508,37
846,487,36
846,506,31
847,502,48
847,186,5
848,518,2
848,514,12
849,487,37
849,530,8
850,487,48
850,514,7
851,524,30
851,516,43
852,516,3
852,210,6
853,516,5
853,506,37
854,179,49
854,522,37
855,520,31
855,518,11
856,22,40
856,510,30
857,186,3
857,514,33
858,528,28
858,514,28
859,20,38
859,522,37
860,179,31
860,516,42
861,530,44
861,502,38
862,487,9
862,499,29
863,502,6
863,210,44
864,526,19
864,530,5
865,524,13
865,512,22
866,506,40
866,512,10
867,186,48
867,516,44
868,528,17
868,516,9
869,522,27
869,518,28
870,524,36
870,530,44
871,516,10
871,502,10
872,518,10
872,504,46
873,526,13
873,510,47
874,524,30
874,508,42
875,528,32
875,179,7
876,520,4
876,528,47
877,530,4
877,506,3
878,182,21
878,514,42
879,530,8
879,512,23
880,522,44
880,180,14
881,524,37
881,522,36
882,526,11
882,186,49
883,518,13
883,504,37
884,499,18
884,180,21
885,508,4
885,526,45
886,526,36
886,512,2
887,526,14
887,518,2
888,526,47
888,504,31
889,510,28
889,526,27
890,516,34
890,528,15
891,506,40
891,528,3
892,530,48
892,526,40
893,504,39
893,516,13
894,179,30
894,528,8
895,183,47
895,506,36
896,516,48
896,526,7
897,179,40
897,524,48
898,522,18
898,524,21
899,184,37
899,179,37
900,518,8
900,179,8
901,182,40
901,516,47
902,526,45
902,518,31
903,520,30
903,24,48
904,502,29
904,22,28
905,510,19
905,524,16
906,522,49
906,514,12
907,185,37
907,526,6
908,524,10
908,210,44
909,530,30
909,524,33
910,514,15
910,181,19
911,522,42
911,528,9
912,530,39
912,518,1
913,179,47
913,186,31
914,530,11
914,22,7
915,528,24
915,516,18
916,184,26
916,502,32
917,522,4
917,530,15
918,528,37
918,518,4
919,520,13
919,510,26
920,528,11
920,526,14
921,526,47
921,522,12
922,520,12
922,508,10
923,506,35
923,520,17
924,522,46
924,526,36
925,181,8
925,512,31
926,528,32
926,514,6
927,518,18
927,524,48
928,502,46
928,179,1
929,499,4
929,526,3
930,522,1
930,518,15
931,530,31
931,502,6
932,522,8
932,516,21
933,514,3
933,487,14
934,518,27
934,528,35
935,182,34
935,530,23
936,180,26
936,184,17
937,510,22
937,181,30
938,526,36
938,510,26
939,181,34
939,510,24
940,180,20
940,530,1
941,502,24
941,514,31
942,520,39
942,524,19
943,181,12
943,24,25
944,524,9
944,185,11
945,502,5
945,516,8
946,528,36
946,508,25
947,528,2
947,506,26
948,183,38
948,530,18
949,520,33
949,526,45
950,522,5
950,516,16
951,522,30
951,510,49
952,508,29
952,180,12
953,526,4
953,518,19
954,530,34
954,524,16
955,520,35
955,499,31
956,20,9
956,180,21
957,514,33
957,499,10
958,520,12
958,186,11
959,504,2
959,183,37
960,524,3
960,522,27
961,510,30
961,181,48
962,530,23
962,181,19
963,23,20
963,514,5
964,508,28
964,522,6
965,22,43
965,210,21
966,210,13
966,520,31
967,502,34
967,180,48
968,502,32
968,22,44
969,522,43
969,210,34
970,528,34
970,518,3
971,499,4
971,520,14
972,506,8
972,518,15
973,504,14
973,487,17
974,510,34
974,528,2
975,506,12
975,522,24
976,516,16
976,180,24
977,504,8
977,520,45
978,499,12
978,508,17
979,516,35
979,520,3
980,520,13
980,518,39
981,522,26
981,506,26
982,186,42
982,180,35
983,524,20
983,518,32
984,528,33
984,520,24
985,516,31
985,526,41
986,516,22
986,506,20
987,499,27
987,185,46
988,186,3
988,512,43
989,530,6
989,516,7
990,528,33
990,184,25
991,522,27
991,512,22
992,184,3
992,522,23
993,506,5
993,512,20
994,526,21
994,502,16
995,516,20
995,22,6
996,181,46
996,502,15
997,506,9
997,530,35
998,526,39
998,530,41
999,179,17
999,516,26
1000,528,37
1000,184,39
1001,530,35
1001,516,34
1002,526,44
1002,528,40
1003,530,4
1003,508,30
1004,520,2
1004,183,14
1005,210,3
1005,518,16
1006,520,18
1006,528,34
1007,512,13
1007,530,35
1008,516,7
1008,524,34
1009,522,45
1009,514,28
1010,530,41
1010,499,8
1011,502,43
1011,526,3
1012,22,13
1012,524,39
1013,182,35
1013,180,36
1014,530,29
1014,522,3
1015,530,10
1015,183,25
1016,530,9
1016,522,3
1017,514,29
1017,24,6
1018,528,34
1018,518,47
1019,520,38
1019,506,23
1020,520,17
1020,210,30
1021,516,37
1021,181,45
1022,522,45
1022,516,46
1023,487,8
1023,528,49
1024,502,44
1024,524,49
1025,181,33
1025,182,39
1026,524,6
1026,24,43
1027,24,39
1027,516,47
1028,499,14
1028,522,22
1029,530,14
1029,510,31
1030,520,44
1030,530,5
1031,520,4
1031,506,23
1032,524,6
1032,186,48
1033,487,45
1033,510,47
1034,528,23
1034,518,10
1035,183,9
1035,530,10
1036,522,46
1036,528,18
1037,186,5
1037,508,44
1038,504,8
1038,516,5
1039,518,47
1039,23,29
1040,487,42
1040,516,47
1041,510,48
1041,518,17
1042,23,18
1042,181,19
1043,522,19
1043,502,21
1044,530,12
1044,512,19
1045,510,49
1045,520,1
1046,524,18
1046,181,2
1047,514,30
1047,210,7
1048,522,12
1048,180,23
1049,514,36
1049,526,34
1050,528,29
1050,524,49
1051,518,3
1051,504,27
1052,506,22
1052,24,24
1053,518,22
1053,530,22
1054,526,31
1054,514,10
1055,520,35
1055,528,47
1056,522,6
1056,516,37
1057,499,15
1057,524,6
1058,502,17
1058,20,14
1059,179,45
1059,182,30
1060,526,7
1060,520,35
1061,504,34
1061,210,42
1062,528,42
1062,502,38
1063,23,5
1063,526,23
1064,512,24
1064,530,24
1065,520,37
1065,183,14
1066,518,27
1066,522,37
1067,508,31
1067,487,43
1068,516,29
1068,179,1
1069,516,25
1069,504,15
1070,526,28
1070,504,45
1071,530,38
1071,520,42
1072,524,42
1072,516,47
1073,181,8
1073,506,4
1074,520,37
1074,518,25
1075,528,42
1075,504,45
1076,512,15
1076,520,9
1077,210,23
1077,530,29
1078,181,19
1078,20,24
1079,530,4
1079,184,46
1080,524,37
1080,181,40
1081,516,33
1081,522,25
1082,502,26
1082,526,12
1083,502,3
1083,526,13
1084,522,41
1084,516,24
1085,179,6
1085,522,7
1086,518,29
1086,526,44
1087,530,24
1087,510,19
1088,530,44
1088,522,27
1089,179,45
1089,530,49
1090,506,30
1090,528,42
1091,520,3
1091,518,38
1092,210,45
1092,504,22
1093,526,2
1093,530,14
1094,516,25
1094,487,10
1095,487,3
1095,528,5
1096,502,1
1096,185,9
1097,520,8
1097,499,12
1098,528,36
1098,508,3
1099,528,46
1099,526,35
1100,512,34
1100,499,46
1101,180,45
1101,184,46
1102,516,13
1102,530,49
1103,510,47
1103,180,30
1104,520,6
1104,186,47
1105,528,39
1105,526,43
1106,185,39
1106,180,44
1107,520,2
1107,506,39
1108,506,36
1108,180,39
1109,518,18
1109,530,44
1110,502,12
1110,528,22
1111,528,4
1111,522,33
1112,526,49
1112,530,1
1113,508,49
1113,526,10
1114,520,29
1114,524,5
1115,518,9
1115,522,46
1116,186,40
1116,179,21
1117,518,36
1117,179,15
1118,510,24
1118,506,11
1119,528,12
1119,514,29
1120,522,15
1120,524,17
1121,506,33
1121,524,31
1122,506,34
1122,184,16
1123,520,4
1123,518,36
1124,528,36
1124,524,14
1125,518,27
1125,512,20
1126,528,27
1126,516,42
1127,530,47
1127,512,35
1128,520,30
1128,526,14
1129,508,47
1129,182,26
1130,510,11
1130,504,3
1131,512,42
1131,499,7
1132,24,37
1132,502,4
1133,520,14
1133,23,10
1134,520,11
1134,514,4
1135,508,14
1135,499,1
1136,502,15
1136,514,20
1137,24,43
1137,528,7
1138,516,24
1138,504,11
1139,508,9
1139,522,18
1140,181,18
1140,512,15
1141,186,17
1141,528,25
1142,530,39
1142,516,1
1143,180,46
1143,530,18
1144,210,11
1144,508,39
1145,514,31
1145,526,36
1146,530,8
1146,522,32
1147,524,39
1147,516,7
1148,516,1
1148,522,40
1149,520,47
1149,528,47
1150,514,6
1150,520,24
1151,522,12
1151,180,45
1152,528,9
1152,516,32
1153,179,6
1153,512,7
1154,522,20
1154,518,20
1155,180,37
1155,502,41
1156,528,3
1156,506,7
1157,502,42
1157,520,22
1158,526,1
1158,506,7
1159,499,12
1159,180,8
1160,528,45
1160,22,25
1161,508,37
1161,502,27
1162,506,49
1162,524,29
1163,520,38
1163,526,7
1164,528,23
1164,526,7
1165,182,31
1165,530,41
1166,181,38
1166,518,4
1167,499,46
1167,522,1
1168,520,37
1168,210,43
1169,185,17
1169,524,13
1170,526,27
1170,518,38
1171,516,11
1171,186,45
1172,520,10
1172,512,20
1173,510,2
1173,522,14
1174,502,26
1174,182,29
1175,516,41
1175,512,23
1176,524,26
1176,528,1
1177,520,7
1177,506,8
1178,528,46
1178,524,43
1179,530,42
1179,506,26
1180,518,49
1180,524,22
1181,516,6
1181,179,43
1182,524,36
1182,516,32
1183,181,21
1183,183,5
1184,526,16
1184,512,23
1185,185,47
1185,524,28
1186,528,16
1186,180,30
1187,528,15
1187,520,44
1188,530,19
1188,487,35
1189,520,38
1189,502,5
1190,524,16
1190,518,3
1191,506,9
1191,526,18
1192,522,47
1192,524,8
1193,526,40
1193,506,8
1194,508,42
1194,23,20
1195,528,34
1195,518,20
1196,520,47
1196,524,29
1197,502,10
1197,516,25
1198,502,49
1198,524,35
1199,520,34
1199,524,17
1200,528,41
1200,524,15
1201,180,28
1201,508,5
1202,516,25
1202,510,40
1203,499,40
1203,526,49
1204,518,34
1204,510,18
1205,508,23
1205,502,22
1206,514,17
1206,502,34
1207,183,36
1207,530,8
1208,181,24
1208,506,39
1209,520,43
1209,508,10
1210,518,9
1210,526,46
1211,504,16
1211,510,25
1212,518,49
1212,22,41
1213,499,8
1213,528,23
1214,180,45
1214,522,46
1215,181,3
1215,504,45
1216,508,3
1216,530,47
1217,526,15
1217,518,47
1218,210,23
1218,508,21
1219,510,7
1219,518,16
1220,520,36
1220,499,11
1221,530,5
1221,524,3
1222,181,15
1222,520,8
1223,528,33
1223,524,35
1224,526,5
1224,518,26
1225,518,30
1225,22,48
1226,520,25
1226,524,38
1227,520,12
1227,186,11
1228,518,22
1228,522,33
1229,530,49
1229,518,30
1230,506,12
1230,530,6
1231,520,23
1231,528,20
1232,516,42
1232,526,30
1233,528,16
1233,526,6
1234,184,42
1234,506,6
1235,526,15
1235,184,17
1236,518,42
1236,185,9
1237,24,37
1237,181,12
1238,520,11
1238,526,36
1239,524,15
1239,518,49
1240,526,2
1240,522,34
1241,520,47
1241,526,49
1242,518,44
1242,181,19
1243,504,16
1243,530,47
1244,514,35
1244,502,19
1245,518,13
1245,181,36
1246,516,27
1246,528,49
1247,528,36
1247,499,42
1248,526,17
1248,528,15
1249,506,10
1249,530,13
1250,181,24
1250,502,13
1251,518,25
1251,524,11
1252,518,12
1252,524,29
1253,185,29
1253,524,40
1254,506,32
1254,530,5
1255,522,26
1255,510,11
1256,518,6
1256,183,1
1257,514,21
1257,516,43
1258,181,9
1258,518,48
1259,528,27
1259,24,42
1260,184,3
1260,526,45
1261,508,9
1261,528,44
1262,180,37
1262,512,7
1263,514,17
1263,520,5
1264,510,18
1264,526,47
1265,518,11
1265,499,46
1266,528,33
1266,22,8
1267,528,35
1267,506,8
1268,504,41
1268,522,11
1269,514,7
1269,522,44
1270,180,16
1270,524,36
1271,508,40
1271,520,17
1272,210,3
1272,23,11
1273,526,5
1273,516,32
1274,514,48
1274,210,33
1275,487,46
1275,502,29
1276,526,42
1276,181,42
1277,524,13
1277,530,4
1278,524,48
1278,522,15
1279,522,26
1279,512,35
1280,516,47
1280,510,13
1281,179,17
1281,528,44
1282,528,41
1282,524,4
1283,530,49
1283,23,10
1284,522,9
1284,186,49
1285,502,41
1285,22,14
1286,522,26
1286,528,15
1287,502,36
1287,518,35
1288,502,49
1288,516,23
1289,504,47
1289,518,13
1290,180,16
1290,518,6
1291,518,46
1291,530,14
1292,183,25
1292,181,19
1293,499,17
1293,524,8
1294,520,33
1294,210,14
1295,179,31
1295,502,31
1296,180,6
1296,528,45
1297,514,27
1297,180,41
1298,520,28
1298,510,6
1299,516,39
1299,184,18
1300,526,14
1300,506,2
1301,528,31
1301,182,15
1302,524,30
1302,522,48
1303,24,3
1303,516,41
1304,516,34
1304,184,45
1305,520,23
1305,524,11
1306,502,39
1306,210,46
1307,180,20
1307,502,31
1308,22,37
1308,210,3
1309,179,32
1309,522,47
1310,520,9
1310,179,21
1311,530,17
1311,185,19
1312,528,49
1312,518,34
1313,516,25
1313,24,18
1314,185,7
1314,520,42
1315,520,38
1315,530,9
1316,514,8
1316,522,44
1317,524,5
1317,487,33
1318,502,7
1318,524,31
1319,508,42
1319,528,38
1320,512,26
1320,530,17
1321,518,43
1321,514,29
1322,210,4
1322,520,32
1323,518,27
1323,522,26
1324,528,45
1324,516,26
1325,504,28
1325,524,27
1326,518,34
1326,181,19
1327,526,25
1327,516,26
1328,518,44
1328,20,39
1329,23,6
1329,524,21
1330,530,32
1330,520,36
1331,518,29
1331,530,17
1332,516,43
1332,528,22
1333,179,3
1333,499,26
1334,526,28
1334,516,43
1335,499,38
1335,487,46
1336,526,47
1336,520,37
1337,520,40
1337,516,41
1338,512,26
1338,522,2
1339,504,13
1339,518,17
1340,499,45
1340,518,17
1341,516,27
1341,528,4
1342,504,2
1342,530,35
1343,182,23
1343,180,32
1344,522,15
1344,502,17
1345,518,16
1345,524,9
1346,526,38
1346,506,8
1347,530,1
1347,210,49
1348,526,24
1348,186,25
1349,510,41
1349,502,26
1350,22,27
1350,510,12
1351,524,25
1351,512,7
1352,512,39
1352,181,39
1353,506,48
1353,512,31
1354,186,8
1354,526,1
1355,516,30
1355,506,14
1356,530,28
1356,24,37
1357,516,49
1357,506,43
1358,528,5
1358,524,32
1359,520,6
1359,516,38
1360,514,13
1360,24,6
1361,522,27
1361,24,26
1362,506,43
1362,528,14
1363,499,44
1363,182,19
1364,179,4
1364,516,11
1365,526,45
1365,184,44
1366,506,36
1366,522,1
1367,210,28
1367,506,24
1368,502,20
1368,518,49
1369,180,19
1369,526,39
1370,487,15
1370,518,28
1371,487,42
1371,508,36
1372,184,23
1372,522,30
1373,520,5
1373,182,22
1374,514,40
1374,528,24
1375,530,18
1375,520,28
1376,520,12
1376,518,32
1377,530,26
1377,181,29
1378,508,39
1378,518,14
1379,502,31
1379,530,44
1380,506,47
1380,182,1
1381,526,42
1381,530,15
1382,526,10
1382,504,46
1383,516,44
1383,522,7
1384,518,48
1384,528,4
1385,487,18
1385,516,4
1386,526,29
1386,23,34
1387,520,25
1387,526,26
1388,530,6
1388,510,14
1389,530,18
1389,522,45
1390,210,20
1390,512,3
1391,499,24
1391,528,49
1392,512,32
1392,524,3
1393,508,5
1393,516,18
1394,524,33
1394,506,42
1395,180,20
1395,514,7
1396,516,7
1396,528,47
1397,23,28
1397,516,23
1398,526,48
1398,181,33
1399,524,43
1399,502,5
1400,22,29
1400,530,49
1401,518,15
1401,512,36
1402,210,49
1402,528,24
1403,210,25
1403,506,36
1404,516,29
1404,526,5
1405,499,35
1405,516,14
1406,502,19
1406,22,4
1407,528,20
1407,499,36
1408,20,20
1408,530,44
1409,518,3
1409,526,40
1410,504,26
1410,22,19
1411,184,2
1411,520,16
1412,210,35
1412,182,9
1413,518,22
1413,20,23
1414,499,31
1414,518,39
1415,186,31
1415,514,18
1416,180,41
1416,526,14
1417,508,45
1417,180,21
1418,526,3
1418,530,10
1419,528,12
1419,186,49
1420,516,44
1420,502,20
1421,24,20
1421,502,43
1422,524,13
1422,181,31
1423,514,9
1423,502,7
1424,526,42
1424,514,25
1425,504,17
1425,182,20
1426,526,37
1426,506,13
1427,528,7
1427,185,7
1428,502,33
1428,518,6
1429,516,15
1429,179,42
1430,530,12
1430,524,40
1431,510,14
1431,186,19
1432,518,5
1432,528,10
1433,526,31
1433,210,46
1434,179,41
1434,528,45
1435,510,43
1435,506,30
1436,528,16
1436,179,40
1437,516,41
1437,526,34
1438,499,24
1438,522,40
1439,522,33
1439,24,32
1440,526,8
1440,179,39
1441,504,13
1441,516,27
1442,186,42
1442,526,13
1443,506,47
1443,530,30
1444,528,22
1444,520,27
1445,180,21
1445,184,22
1446,516,12
1446,522,6
1447,518,38
1447,526,45
1448,502,38
1448,23,29
1449,179,20
1449,499,2
1450,499,9
1450,528,26
1451,506,14
1451,520,22
1452,183,33
1452,502,47
1453,180,13
1453,499,33
1454,520,42
1454,499,1
1455,181,15
1455,516,39
1456,518,14
1456,530,33
1457,528,6
1457,181,8
1458,514,8
1458,502,11
1459,504,48
1459,524,3
1460,522,5
1460,524,28
1461,516,5
1461,180,5
1462,184,45
1462,502,19
1463,516,38
1463,179,33
1464,502,43
1464,24,23
1465,510,35
1465,528,8
1466,508,14
1466,518,26
1467,185,8
1467,526,19
1468,506,4
1468,510,11
1469,499,24
1469,522,18
1470,185,22
1470,522,12
1471,186,14
1471,510,3
1472,526,3
1472,506,2
1473,528,2
1473,504,29
1474,508,24
1474,526,45
1475,516,39
1475,526,31
1476,179,41
1476,185,2
1477,210,1
1477,518,45
1478,516,4
1478,181,42
1479,518,4
1479,508,30
1480,180,30
1480,518,22
1481,516,31
1481,510,32
1482,24,49
1482,526,22
1483,522,1
1483,518,39
1484,510,34
1484,522,29
1485,530,45
1485,506,10
1486,499,34
1486,512,22
1487,526,33
1487,514,16
1488,180,14
1488,24,16
1489,514,28
1489,528,45
1490,179,45
1490,530,21
1491,518,1
1491,181,19
1492,530,29
1492,524,34
1493,186,12
1493,524,6
1494,528,45
1494,524,16
1495,524,49
1495,518,27
1496,528,38
1496,20,18
1497,499,1
1497,530,24
1498,524,38
1498,518,1
1499,506,36
1499,510,29
1500,179,42
1500,518,46
1501,530,45
1501,504,14
1502,524,36
1502,518,3
1503,181,8
1503,183,8
1504,516,23
1504,20,4
1505,516,30
1505,522,13
1506,530,4
1506,516,7
1507,516,40
1507,508,18
1508,210,13
1508,520,16
1509,528,34
1509,487,28
1510,524,30
1510,520,20
1511,516,11
1511,185,6
1512,499,2
1512,516,34
1513,179,8
1513,522,49
1514,504,14
1514,512,29
1515,179,39
1515,183,5
1516,522,19
1516,183,40
1517,530,5
1517,183,13
1518,528,34
1518,210,43
1519,528,29
1519,512,48
1520,23,23
1520,516,18
1521,506,41
1521,179,29
1522,526,33
1522,508,38
1523,512,23
1523,520,29
1524,508,25
1524,524,38
1525,522,25
1525,508,21
1526,186,22
1526,528,15
1527,516,24
1527,23,48
1528,510,9
1528,210,48
1529,520,44
1529,186,42
1530,520,31
1530,502,19
1531,514,21
1531,530,31
1532,502,43
1532,520,16
1533,506,44
1533,530,34
1534,524,6
1534,510,21
1535,520,12
1535,183,14
1536,179,3
1536,506,36
1537,20,47
1537,522,40
1538,524,5
1538,180,23
1539,180,2
1539,20,42
1540,524,4
1540,516,27
1541,504,19
1541,24,25
1542,530,40
1542,526,23
1543,504,21
1543,210,23
1544,522,2
1544,179,40
1545,524,42
1545,528,9
1546,180,40
1546,24,30
1547,516,14
1547,520,13
1548,186,49
1548,180,47
1549,506,13
1549,182,46
1550,530,15
1550,514,11
1551,518,35
1551,526,37
1552,524,23
1552,528,5
1553,524,29
1553,510,13
1554,516,18
1554,530,18
1555,506,44
1555,524,15
1556,181,27
1556,506,16
1557,518,1
1557,530,35
1558,504,23
1558,516,4
1559,514,46
1559,530,24
1560,522,48
1560,518,20
1561,522,3
1561,524,35
1562,504,45
1562,22,20
1563,526,17
1563,181,22
1564,23,39
1564,530,14
1565,520,26
1565,502,9
1566,184,6
1566,522,13
1567,522,9
1567,504,30
1568,520,7
1568,530,49
1569,530,16
1569,181,16
1570,526,35
1570,516,11
1571,530,29
1571,516,44
1572,528,16
1572,518,49
1573,502,26
1573,518,33
1574,530,12
1574,526,38
1575,518,24
1575,182,39
1576,520,40
1576,530,32
1577,184,38
1577,526,21
1578,526,10
1578,512,31
1579,508,30
1579,499,45
1580,23,13
1580,522,16
1581,506,6
1581,20,34
1582,185,38
1582,524,29
1583,184,37
1583,522,26
1584,510,11
1584,499,37
1585,181,30
1585,22,49
1586,522,11
1586,518,42
1587,522,49
1587,530,15
1588,184,26
1588,502,9
1589,179,22
1589,502,29
1590,524,38
1590,499,45
1591,23,17
1591,210,47
1592,518,36
1592,506,15
1593,20,10
1593,516,17
1594,524,48
1594,512,44
1595,179,29
1595,526,37
1596,20,24
1596,518,37
1597,526,8
1597,504,30
1598,530,12
1598,526,48
1599,520,35
1599,516,22
1600,528,47
1600,179,42
1601,180,30
1601,186,35
1602,516,8
1602,183,39
1603,530,43
1603,522,20
1604,526,28
1604,499,10
1605,512,17
1605,23,17
1606,502,39
1606,530,24
1607,502,1
1607,526,21
1608,487,21
1608,508,17
1609,530,16
1609,514,4
1610,504,37
1610,524,19
1611,210,16
1611,524,13
1612,524,17
1612,522,2
1613,181,14
1613,516,27
1614,186,24
1614,530,33
1615,524,4
1615,518,12
1616,506,14
1616,516,14
1617,518,41
1617,487,11
1618,508,13
1618,528,37
1619,504,41
1619,520,48
1620,524,11
1620,522,16
1621,487,43
1621,522,49
1622,510,43
1622,524,35
1623,184,14
1623,516,20
1624,182,26
1624,508,30
1625,524,34
1625,510,4
1626,508,18
1626,518,23
1627,181,7
1627,514,2
1628,210,10
1628,520,4
1629,518,32
1629,524,2
1630,514,17
1630,530,15
1631,522,17
1631,528,34
1632,516,18
1632,512,43
1633,502,25
1633,183,46
1634,22,4
1634,518,31
1635,528,17
1635,508,44
1636,530,33
1636,522,8
1637,504,23
1637,24,33
1638,23,6
1638,179,7
1639,512,9
1639,210,7
1640,512,22
1640,182,13
1641,516,37
1641,508,17
1642,516,9
1642,179,33
1643,520,43
1643,181,7
1644,520,28
1644,181,38
1645,522,33
1645,518,13
1646,502,22
1646,514,24
1647,516,17
1647,526,17
1648,499,7
1648,528,13
1649,506,26
1649,518,35
1650,506,26
1650,508,36
1651,516,42
1651,179,17
1652,530,13
1652,499,29
1653,526,49
1653,522,24
1654,22,14
1654,179,36
1655,526,48
1655,522,18
1656,181,47
1656,510,6
1657,520,38
1657,502,49
1658,528,39
1658,22,32
1659,520,35
1659,179,43
1660,516,30
1660,528,17
1661,528,24
1661,516,21
1662,530,31
1662,520,10
1663,514,48
1663,528,10
1664,516,6
1664,504,4
1665,528,16
1665,20,49
1666,518,15
1666,526,31
1667,528,48
1667,183,3
1668,526,45
1668,185,36
1669,186,25
1669,508,18
1670,516,48
1670,520,43
1671,518,18
1671,186,40
1672,522,7
1672,524,30
1673,516,33
1673,20,39
1674,24,19
1674,179,24
1675,518,40
1675,504,28
1676,526,1
1676,522,21
1677,487,3
1677,514,27
1678,518,14
1678,510,2
1679,20,29
1679,530,3
1680,508,7
1680,518,8
1681,504,1
1681,510,44
1682,180,7
1682,520,19
1683,522,16
1683,181,40
1684,185,11
1684,512,30
1685,522,47
1685,530,24
1686,524,29
1686,499,22
1687,530,25
1687,181,40
1688,502,23
1688,526,20
1689,520,18
1689,512,10
1690,180,19
1690,185,29
1691,24,13
1691,520,35
1692,506,28
1692,526,7
1693,520,42
1693,181,16
1694,522,2
1694,528,3
1695,24,3
1695,524,34
1696,516,21
1696,210,34
1697,524,19
1697,518,24
1698,512,37
1698,502,7
1699,499,18
1699,210,39
1700,502,21
1700,530,22
1701,518,33
1701,528,38
1702,518,3
1702,23,33
1703,499,13
1703,518,3
1704,22,40
1704,210,23
1705,530,29
1705,526,23
1706,518,6
1706,499,24
1707,526,13
1707,520,20
1708,22,35
1708,179,6
1709,510,4
1709,499,7
1710,506,19
1710,179,25
1711,524,15
1711,179,25
1712,510,28
1712,520,19
1713,508,20
1713,20,39
1714,20,23
1714,516,44
1715,530,47
1715,520,28
1716,180,32
1716,518,25
1717,487,32
1717,502,13
1718,526,17
1718,522,12
1719,526,6
1719,185,6
1720,180,4
1720,516,45
1721,180,4
1721,504,29
1722,508,15
1722,516,26
1723,526,5
1723,506,42
1724,530,17
1724,510,1
1725,184,24
1725,522,49
1726,528,45
1726,502,49
1727,179,13
1727,20,18
1728,530,10
1728,518,49
1729,23,2
1729,520,37
1730,504,29
1730,524,6
1731,516,10
1731,508,21
1732,20,48
1732,508,2
1733,526,35
1733,504,44
1734,516,28
1734,502,33
1735,508,27
1735,522,3
1736,510,40
1736,518,47
1737,181,17
1737,530,11
1738,514,3
1738,516,5
1739,502,26
1739,514,15
1740,183,33
1740,502,27
1741,520,33
1741,210,26
1742,185,39
1742,526,24
1743,179,11
1743,526,8
1744,526,3
1744,512,3
1745,526,32
1745,530,32
1746,514,7
1746,499,32
1747,516,42
1747,512,38
1748,518,24
1748,184,43
1749,499,31
1749,524,40
1750,516,10
1750,20,1
1751,180,25
1751,528,44
1752,526,19
1752,520,17
1753,530,43
1753,526,47
1754,184,17
1754,516,48
1755,181,38
1755,524,7
1756,181,46
1756,20,29
1757,182,1
1757,506,33
1758,506,46
1758,526,31
1759,520,27
1759,526,26
1760,528,37
1760,522,43
1761,181,45
1761,530,4
1762,502,30
1762,24,10
1763,502,19
1763,516,22
1764,504,16
1764,518,30
1765,524,23
1765,179,45
1766,520,36
1766,518,48
1767,506,44
1767,514,3
1768,516,5
1768,183,27
1769,179,12
1769,20,26
1770,508,43
1770,522,38
1771,528,27
1771,179,34
1772,514,22
1772,516,25
1773,506,48
1773,530,12
1774,186,35
1774,512,27
1775,524,11
1775,518,1
1776,518,14
1776,524,45
1777,186,26
1777,499,4
1778,186,12
1778,526,33
1779,516,5
1779,181,49
1780,512,4
1780,524,39
1781,514,31
1781,518,26
1782,530,43
1782,524,41
1783,185,45
1783,524,21
1784,528,14
1784,180,17
1785,20,9
1785,508,46
1786,186,2
1786,516,16
1787,514,24
1787,522,4
1788,508,25
1788,516,3
1789,530,39
1789,504,12
1790,499,49
1790,526,40
1791,186,25
1791,518,22
1792,526,25
1792,180,34
1793,502,8
1793,512,31
1794,499,24
1794,526,2
1795,514,19
1795,186,1
1796,518,3
1796,184,39
1797,24,34
1797,499,49
1798,522,23
1798,179,4
1799,520,48
1799,530,11
1800,24,18
1800,508,5
1801,20,37
1801,528,8
1802,516,22
1802,510,7
1803,520,1
1803,508,34
1804,518,35
1804,22,4
1805,526,28
1805,183,15
1806,23,47
1806,518,13
1807,508,9
1807,524,22
1808,530,8
1808,514,32
1809,518,1
1809,24,10
1810,524,14
1810,499,39
1811,524,9
1811,508,14
1812,514,1
1812,180,12
1813,510,16
1813,179,14
1814,510,26
1814,504,29
1815,514,42
1815,516,32
1816,528,8
1816,179,3
1817,522,38
1817,516,2
1818,510,17
1818,516,26
1819,504,23
1819,520,24
1820,516,27
1820,530,22
1821,524,10
1821,183,37
1822,508,45
1822,506,27
1823,508,22
1823,184,41
1824,520,2
1824,183,30
1825,23,11
1825,514,33
1826,520,6
1826,516,12
1827,526,35
1827,514,1
1828,512,3
1828,530,14
1829,526,23
1829,23,31
1830,508,2
1830,487,9
1831,508,41
1831,520,8
1832,512,17
1832,179,2
1833,180,32
1833,22,36
1834,210,3
1834,530,24
1835,526,32
1835,180,46
1836,518,37
1836,508,30
1837,522,8
1837,184,24
1838,184,1
1838,522,37
1839,528,9
1839,210,30
1840,508,1
1840,516,17
1841,508,21
1841,528,49
1842,506,11
1842,518,22
1843,530,48
1843,179,40
1844,526,13
1844,512,9
1845,514,34
1845,518,37
1846,179,8
1846,186,5
1847,504,5
1847,512,37
1848,526,23
1848,522,26
1849,210,41
1849,528,23
1850,516,24
1850,512,34
1851,182,25
1851,179,33
1852,179,32
1852,499,5
1853,186,33
1853,179,20
1854,522,38
1854,526,31
1855,512,41
1855,23,35
1856,512,29
1856,182,16
1857,20,42
1857,179,17
1858,516,14
1858,181,27
1859,526,43
1859,516,33
1860,210,44
1860,183,5
1861,182,29
1861,526,17
1862,516,45
1862,526,32
1863,526,7
1863,180,1
1864,179,12
1864,522,24
1865,526,15
1865,516,47
1866,506,12
1866,526,16
1867,530,29
1867,516,30
1868,522,43
1868,516,19
1869,522,18
1869,530,2
1870,23,10
1870,508,45
1871,524,28
1871,516,49
1872,520,8
1872,504,40
1873,512,27
1873,20,9
1874,508,41
1874,516,2
1875,522,48
1875,180,38
1876,520,21
1876,518,1
1877,510,47
1877,522,10
1878,183,17
1878,180,24
1879,179,42
1879,530,6
1880,510,42
1880,530,16
1881,22,3
1881,528,26
1882,518,4
1882,530,46
1883,210,28
1883,186,23
1884,530,45
1884,512,37
1885,522,15
1885,24,29
1886,520,3
1886,524,28
1887,502,46
1887,23,30
1888,528,27
1888,506,16
1889,524,37
1889,516,41
1890,210,11
1890,487,27
1891,524,7
1891,502,17
1892,186,39
1892,522,36
1893,186,6
1893,502,42
1894,524,46
1894,516,20
1895,510,40
1895,526,42
1896,179,38
1896,502,39
1897,506,45
1897,528,37
1898,524,25
1898,502,25
1899,520,17
1899,524,23
1900,179,23
1900,520,41
1901,522,31
1901,528,41
1902,186,17
1902,530,3
1903,510,46
1903,516,36
1904,522,43
1904,518,23
1905,520,1
1905,526,20
1906,185,7
1906,180,28
1907,524,24
1907,518,16
1908,528,44
1908,512,10
1909,530,4
1909,522,32
1910,524,9
1910,516,19
1911,518,3
1911,520,4
1912,180,25
1912,528,33
1913,518,6
1913,24,9
1914,528,14
1914,512,18
1915,210,16
1915,518,22
1916,512,8
1916,524,24
1917,210,7
1917,518,24
1918,528,10
1918,512,9
1919,528,2
1919,522,41
1920,504,23
1920,522,30
1921,518,16
1921,487,38
1922,183,48
1922,520,43
1923,185,29
1923,530,29
1924,526,25
1924,499,28
1925,526,43
1925,528,4
1926,181,6
1926,528,37
1927,504,41
1927,518,49
1928,499,47
1928,530,36
1929,530,49
1929,504,2
1930,530,41
1930,24,17
1931,502,38
1931,524,5
1932,522,23
1932,530,11
1933,522,4
1933,516,10
1934,185,20
1934,526,24
1935,508,1
1935,524,8
1936,524,38
1936,528,21
1937,186,5
1937,518,22
1938,499,42
1938,508,23
1939,518,5
1939,502,4
1940,520,17
1940,516,41
1941,518,35
1941,524,27
1942,524,4
1942,499,13
1943,24,16
1943,526,29
1944,516,43
1944,510,7
1945,516,13
1945,522,23
1946,524,20
1946,502,44
1947,510,21
1947,181,42
1948,210,10
1948,522,45
1949,20,48
1949,524,9
1950,502,19
1950,210,8
1951,22,11
1951,506,41
1952,514,44
1952,528,28
1953,23,9
1953,510,1
1954,526,4
1954,514,27
1955,522,5
1955,514,27
1956,514,15
1956,526,37
1957,526,31
1957,512,4
1958,514,25
1958,23,4
1959,522,18
1959,504,19
1960,526,17
1960,186,25
1961,210,21
1961,510,13
1962,522,20
1962,524,45
1963,181,8
1963,182,40
1964,210,15
1964,528,24
1965,180,40
1965,528,45
1966,524,9
1966,499,22
1967,184,26
1967,526,42
1968,510,18
1968,210,13
1969,487,8
1969,504,27
1970,510,33
1970,520,14
1971,516,9
1971,526,16
1972,522,26
1972,514,27
1973,530,3
1973,504,27
1974,518,23
1974,179,17
1975,516,23
1975,506,2
1976,514,1
1976,186,30
1977,180,17
1977,186,20
1978,181,21
1978,516,12
1979,506,24
1979,520,2
1980,183,48
1980,210,15
1981,530,23
1981,185,6
1982,528,14
1982,524,13
1983,183,37
1983,514,34
1984,181,22
1984,514,30
1985,181,10
1985,526,41
1986,518,36
1986,520,21
1987,518,11
1987,502,26
1988,514,19
1988,506,34
1989,506,26
1989,520,2
1990,510,27
1990,526,19
1991,522,5
1991,530,14
1992,530,32
1992,487,21
1993,530,49
1993,524,42
1994,520,10
1994,530,44
1995,210,9
1995,506,37
1996,518,36
1996,526,7
1997,518,12
1997,520,32
1998,499,17
1998,526,1
1999,528,27
1999,508,19
2000,516,43
2000,512,24
2001,518,47
2001,522,40
2002,524,31
2002,530,13
2003,520,19
2003,518,9
2004,20,6
2004,522,25
2005,522,44
2005,181,26
2006,512,20
2006,524,18
2007,530,7
2007,520,49
2008,180,6
2008,504,22
2009,518,15
2009,530,17
2010,184,41
2010,522,14
2011,524,8
2011,528,45
2012,530,6
2012,186,37
2013,24,18
2013,526,47
2014,499,21
2014,516,4
2015,23,29
2015,506,10
2016,179,44
2016,516,30
2017,512,6
2017,504,1
2018,522,15
2018,508,31
2019,520,21
2019,524,42
2020,520,49
2020,530,20
2021,24,43
2021,530,34
2022,522,40
2022,510,10
2023,502,30
2023,487,4
2024,508,35
2024,181,39
2025,526,31
2025,506,44
2026,181,23
2026,520,45
2027,514,36
2027,520,21
2028,528,10
2028,518,40
2029,514,38
2029,506,43
2030,524,14
2030,530,47
2031,516,10
2031,526,44
2032,186,28
2032,526,26
2033,518,26
2033,524,38
2034,514,34
2034,181,40
2035,522,39
2035,180,34
2036,518,34
2036,524,48
2037,510,2
2037,183,45
2038,516,10
2038,530,35
2039,508,39
2039,504,49
2040,524,16
2040,514,44
2041,530,15
2041,522,23
2042,210,12
2042,487,18
2043,526,22
2043,508,14
2044,526,7
2044,522,28
2045,499,2
2045,520,34
2046,522,49
2046,184,39
2047,180,24
2047,524,38
2048,179,44
2048,512,9
2049,181,19
2049,520,19
2050,514,29
2050,528,49
2051,506,7
2051,516,5
2052,526,47
2052,499,20
2053,530,48
2053,499,8
2054,184,46
2054,520,7
2055,504,41
2055,24,27
2056,526,37
2056,20,43
2057,518,30
2057,184,30
2058,530,20
2058,516,8
2059,180,21
2059,518,48
2060,181,1
2060,506,3
2061,514,29
2061,502,35
2062,518,43
2062,514,6
2063,499,31
2063,520,18
2064,520,10
2064,210,40
2065,182,13
2065,522,25
2066,506,30
2066,526,25
2067,524,48
2067,487,21
2068,180,10
2068,24,9
2069,210,27
2069,499,13
2070,502,18
2070,522,46
2071,179,49
2071,504,18
2072,520,22
2072,526,48
2073,520,31
2073,210,47
2074,504,6
2074,526,31
2075,516,12
2075,504,35
2076,524,3
2076,522,33
2077,179,41
2077,516,27
2078,528,22
2078,524,1
2079,516,40
2079,24,47
2080,502,27
2080,179,30
2081,499,13
2081,524,6
2082,530,7
2082,499,35
2083,487,27
2083,528,10
2084,530,13
2084,516,19
2085,502,24
2085,524,47
2086,522,31
2086,23,36
2087,528,2
2087,183,39
2088,520,2
2088,510,28
2089,516,28
2089,526,36
2090,526,46
2090,522,31
2091,180,37
2091,518,23
2092,182,9
2092,524,2
2093,179,2
2093,516,34
2094,210,21
2094,516,11
2095,512,42
2095,522,15
2096,524,17
2096,179,3
2097,499,38
2097,526,26
2098,506,42
2098,520,23
2099,504,41
2099,520,7
2100,181,36
2100,528,40
2101,518,27
2101,512,19
2102,528,46
2102,181,32
2103,524,44
2103,506,49
2104,506,18
2104,530,16
2105,530,41
2105,179,2
2106,522,7
2106,530,11
2107,502,35
2107,518,24
2108,530,34
2108,499,27
2109,183,22
2109,502,45
2110,522,9
2110,499,5
2111,512,24
2111,520,6
2112,516,42
2112,181,23
2113,183,29
2113,512,36
2114,518,38
2114,524,31
2115,179,9
2115,510,18
2116,516,27
2116,180,40
2117,530,31
2117,512,28
2118,184,24
2118,530,46
2119,516,29
2119,528,49
2120,510,21
2120,499,22
2121,528,22
2121,22,42
2122,528,13
2122,508,37
2123,181,40
2123,502,45
2124,510,16
2124,520,43
2125,528,9
2125,510,35
2126,508,11
2126,530,36
2127,183,39
2127,520,5
2128,530,13
2128,180,1
2129,508,39
2129,530,9
2130,526,26
2130,210,42
2131,516,40
2131,20,9
2132,180,46
2132,530,44
2133,504,43
2133,516,29
2134,524,21
2134,528,11
2135,186,17
2135,530,40
2136,180,24
2136,528,17
2137,210,16
2137,528,30
2138,512,26
2138,530,22
2139,528,30
2139,524,29
2140,530,22
2140,183,24
2141,524,11
2141,530,32
2142,20,38
2142,522,7
2143,522,19
2143,506,9
2144,182,3
2144,506,9
2145,516,36
2145,512,32
2146,502,49
2146,522,45
2147,520,12
2147,183,15
2148,181,18
2148,512,44
2149,181,44
2149,520,22
2150,522,46
2150,528,17
2151,508,47
2151,516,11
2152,181,44
2152,530,48
2153,185,49
2153,526,36
2154,526,22
2154,506,12
2155,514,7
2155,23,17
2156,23,44
2156,526,4
2157,524,24
2157,180,31
2158,516,12
2158,524,2
2159,522,7
2159,504,7
2160,530,47
2160,520,47
2161,526,43
2161,530,6
2162,210,20
2162,508,33
2163,180,19
2163,520,48
2164,499,41
2164,20,13
2165,522,49
2165,506,31
2166,502,19
2166,530,18
2167,179,38
2167,528,16
2168,524,36
2168,514,37
2169,524,41
2169,518,36
2170,526,48
2170,502,19
2171,520,31
2171,530,21
2172,526,6
2172,502,32
2173,179,31
2173,530,24
2174,506,36
2174,181,6
2175,183,15
2175,518,48
2176,526,8
2176,186,48
2177,182,13
2177,522,15
2178,504,15
2178,530,1
2179,181,30
2179,514,34
2180,528,29
2180,510,26
2181,181,21
2181,506,12
2182,512,31
2182,524,45
2183,520,16
2183,186,37
2184,504,1
2184,522,36
2185,530,4
2185,516,4
2186,526,21
2186,181,41
2187,516,13
2187,512,8
2188,179,32
2188,530,35
2189,520,46
2189,179,43
2190,516,37
2190,508,48
2191,186,42
2191,518,1
2192,182,16
2192,504,47
2193,510,22
2193,516,32
2194,514,47
2194,506,30
2195,183,15
2195,522,16
2196,520,3
2196,526,37
2197,526,42
2197,180,46
2198,512,19
2198,520,7
2199,530,30
2199,526,25
2200,526,41
2200,180,6
2201,516,30
2201,24,10
2202,184,30
2202,530,27
2203,510,38
2203,180,30
2204,22,3
2204,516,7
2205,530,37
2205,487,3
2206,210,23
2206,526,4
2207,502,30
2207,183,18
2208,181,13
2208,506,41
2209,514,5
2209,530,8
2210,179,16
2210,522,33
2211,522,30
2211,510,36
2212,524,30
2212,518,7
2213,184,4
2213,512,40
2214,210,23
2214,520,2
2215,528,23
2215,502,16
2216,184,22
2216,510,5
2217,186,38
2217,510,12
2218,518,12
2218,510,9
2219,179,41
2219,514,40
2220,524,13
2220,520,9
2221,502,13
2221,528,11
2222,210,29
2222,528,46
2223,526,45
2223,516,18
2224,524,44
2224,210,30
2225,526,16
2225,520,40
2226,530,38
2226,499,45
2227,508,41
2227,524,34
2228,528,22
2228,504,41
2229,524,44
2229,180,32
2230,506,37
2230,522,38
2231,185,36
2231,524,8
2232,524,8
2232,499,17
2233,524,11
2233,530,38
2234,530,44
2234,181,3
2235,526,25
2235,180,2
2236,210,28
2236,24,8
2237,22,7
2237,180,9
2238,512,35
2238,504,38
2239,184,36
2239,210,19
2240,528,13
2240,22,10
2241,530,31
2241,526,16
2242,514,15
2242,528,6
2243,20,8
2243,502,25
2244,520,37
2244,514,10
2245,508,36
2245,516,28
2246,499,6
2246,185,42
2247,522,45
2247,502,38
2248,528,40
2248,502,18
2249,528,39
2249,184,1
2250,181,3
2250,528,4
2251,522,1
2251,528,33
2252,530,44
2252,524,14
2253,526,22
2253,183,11
2254,526,20
2254,514,40
2255,22,31
2255,520,22
2256,512,30
2256,502,46
2257,516,2
2257,510,48
2258,510,10
2258,528,16
2259,530,1
2259,506,40
2260,524,37
2260,210,26
2261,522,17
2261,510,27
2262,506,47
2262,510,39
2263,210,27
2263,522,35
2264,522,40
2264,528,30
2265,516,22
2265,522,48
2266,506,26
2266,528,39
2267,508,25
2267,20,11
2268,22,38
2268,181,14
2269,510,28
2269,499,27
2270,518,2
2270,186,44
2271,506,15
2271,516,4
2272,520,8
2272,502,44
2273,520,2
2273,530,16
2274,185,39
2274,499,48
2275,182,38
2275,522,21
2276,512,40
2276,520,21
2277,518,40
2277,182,4
2278,522,10
2278,516,30
2279,510,21
2279,23,40
2280,514,48
2280,502,46
2281,179,8
2281,184,45
2282,524,19
2282,23,13
2283,526,3
2283,512,38
2284,182,12
2284,506,27
2285,499,27
2285,20,25
2286,518,27
2286,179,45
2287,518,30
2287,502,1
2288,528,23
2288,522,46
2289,516,41
2289,23,18
2290,186,37
2290,510,39
2291,181,43
2291,186,34
2292,524,5
2292,514,27
2293,518,7
2293,181,32
2294,526,12
2294,516,18
2295,23,17
2295,524,12
2296,528,19
2296,524,47
2297,183,41
2297,210,21
2298,512,28
2298,504,22
2299,508,46
2299,210,41
2300,518,10
2300,24,45
2301,499,34
2301,510,3
2302,23,29
2302,512,31
2303,210,12
2303,516,19
2304,522,34
2304,499,49
2305,520,19
2305,210,43
2306,210,36
2306,526,43
2307,522,1
2307,526,24
2308,524,37
2308,180,23
2309,522,43
2309,518,27
2310,183,38
2310,524,39
2311,524,32
2311,182,24
2312,180,30
2312,512,27
2313,506,37
2313,524,9
2314,514,17
2314,518,48
2315,530,6
2315,516,12
2316,528,17
2316,499,1
2317,182,14
2317,504,46
2318,522,2
2318,526,13
2319,524,26
2319,487,19
2320,186,23
2320,530,47
2321,210,5
2321,530,38
2322,499,7
2322,522,36
2323,530,48
2323,514,40
2324,530,47
2324,514,3
2325,502,27
2325,530,38
2326,530,18
2326,516,4
2327,502,40
2327,530,21
2328,499,49
2328,512,39
2329,510,42
2329,526,10
2330,530,24
2330,526,29
2331,520,35
2331,528,21
2332,184,29
2332,518,4
2333,526,25
2333,522,45
2334,524,44
2334,180,36
2335,24,14
2335,512,43
2336,502,30
2336,512,25
2337,506,15
2337,526,6
2338,508,8
2338,499,48
2339,518,35
2339,510,26
2340,526,18
2340,518,9
2341,518,20
2341,504,2
2342,210,28
2342,530,33
2343,530,18
2343,186,47
2344,179,7
2344,526,10
2345,528,34
2345,502,25
2346,528,44
2346,23,27
2347,516,30
2347,487,29
2348,499,24
2348,524,33
2349,524,1
2349,514,13
2350,526,49
2350,530,40
2351,510,14
2351,24,21
2352,182,27
2352,506,17
2353,512,42
2353,516,9
2354,508,49
2354,520,49
2355,518,38
2355,528,42
2356,528,42
2356,185,20
2357,530,36
2357,487,1
2358,23,5
2358,179,34
2359,526,47
2359,516,23
2360,516,16
2360,502,41
2361,499,13
2361,516,8
2362,526,37
2362,504,2
2363,487,37
2363,520,24
2364,510,47
2364,522,4
2365,516,46
2365,522,32
2366,528,18
2366,184,8
2367,516,5
2367,522,42
2368,180,26
2368,530,31
2369,524,36
2369,528,17
2370,526,10
2370,514,5
2371,526,13
2371,516,2
2372,508,38
2372,524,1
2373,510,3
2373,516,26
2374,499,38
2374,524,16
2375,524,29
2375,514,34
2376,186,45
2376,510,36
2377,526,4
2377,530,3
2378,502,30
2378,181,2
2379,526,49
2379,528,27
2380,514,11
2380,516,29
2381,23,4
2381,522,41
2382,530,37
2382,180,35
2383,522,15
2383,526,40
2384,210,2
2384,524,34
2385,522,18
2385,179,29
2386,524,43
2386,22,25
2387,516,15
2387,210,6
2388,528,35
2388,183,44
2389,530,46
2389,508,11
2390,210,5
2390,522,9
2391,184,27
2391,181,45
2392,506,8
2392,516,12
2393,524,20
2393,522,41
2394,504,35
2394,522,19
2395,520,12
2395,183,8
2396,510,7
2396,181,32
2397,24,10
2397,522,48
2398,516,35
2398,179,24
2399,504,25
2399,524,49
2400,512,6
2400,179,31
2401,210,33
2401,516,49
2402,504,7
2402,528,9
2403,516,47
2403,510,42
2404,526,42
2404,499,9
2405,499,28
2405,179,18
2406,508,21
2406,520,40
2407,520,5
2407,502,16
2408,522,23
2408,518,49
2409,524,1
2409,516,13
2410,510,47
2410,210,44
2411,528,45
2411,180,35
2412,520,33
2412,179,27
2413,506,39
2413,524,9
2414,504,37
2414,528,18
2415,528,3
2415,512,18
2416,520,28
2416,184,18
2417,210,35
2417,526,37
2418,185,2
2418,528,24
2419,526,30
2419,528,33
2420,520,45
2420,504,1
2421,504,18
2421,180,1
2422,184,11
2422,180,26
2423,522,39
2423,508,12
2424,524,10
2424,181,29
2425,181,45
2425,528,9
2426,520,18
2426,183,19
2427,518,28
2427,502,15
2428,530,5
2428,520,30
2429,526,6
2429,506,13
2430,186,18
2430,508,21
2431,510,33
2431,516,35
2432,516,39
2432,210,9
2433,210,7
2433,24,44
2434,518,12
2434,530,17
2435,522,25
2435,530,35
2436,530,45
2436,524,26
2437,512,1
2437,526,32
2438,508,13
2438,504,19
2439,502,46
2439,528,37
2440,179,24
2440,514,15
2441,530,49
2441,182,15
2442,504,22
2442,508,31
2443,502,16
2443,185,14
2444,504,22
2444,210,27
2445,210,15
2445,502,24
2446,522,8
2446,504,12
2447,516,5
2447,186,36
2448,24,46
2448,524,6
2449,504,45
2449,183,5
2450,528,36
2450,518,1
2451,518,13
2451,181,1
2452,516,23
2452,506,29
2453,516,26
2453,522,19
2454,524,32
2454,181,8
2455,518,37
2455,487,34
2456,528,45
2456,508,19
2457,502,3
2457,22,2
2458,526,7
2458,506,38
2459,518,4
2459,504,42
2460,528,26
2460,508,40
2461,530,23
2461,186,36
2462,508,19
2462,516,28
2463,179,14
2463,499,26
2464,181,49
2464,502,45
2465,526,9
2465,512,36
2466,520,14
2466,530,10
2467,530,44
2467,210,46
2468,530,41
2468,180,42
2469,520,30
2469,528,20
2470,520,18
2470,524,21
2471,524,6
2471,520,19
2472,487,24
2472,522,36
2473,184,38
2473,524,11
2474,524,1
2474,530,28
2475,526,9
2475,520,8
2476,502,33
2476,526,27
2477,506,9
2477,514,38
2478,528,5
2478,526,7
2479,522,48
2479,514,40
2480,516,35
2480,524,41
2481,180,32
2481,508,25
2482,514,48
2482,522,45
2483,508,38
2483,528,32
2484,504,10
2484,487,6
2485,179,31
2485,502,43
2486,512,11
2486,516,37
2487,516,16
2487,504,6
2488,530,3
2488,182,29
2489,506,41
2489,518,19
2490,510,49
2490,522,10
2491,514,7
2491,530,4
2492,530,5
2492,510,16
2493,487,21
2493,526,5
2494,528,20
2494,520,24
2495,185,39
2495,508,45
2496,24,2
2496,210,1
2497,184,48
2497,506,33
2498,526,12
2498,24,23
2499,210,48
2499,522,13
2500,516,22
2500,514,10
